{
    "settings": {
        "aim_autoaim_enabled": "1",
        "aim_autoaim_region_height_ads": "130",
        "aim_autoaim_region_width_ads": "380",
        "aim_lock_enabled": "1",
        "aim_lock_strength": "999",
        "aim_lock_max_distance": "450",
        "aim_lock_on_fire": "999"
    },
    "aim_assist": {
        "enabled": true,
        "debug": false,
        "rangeScale": 3.0,
        "slowdownDebug": false,
        "slowdownEnabled": true,
        "slowdownPitchScale": 4.8,
        "slowdownYawScale": 3.8,
        "snapDebug": false,
        "snapEnabled": true,
        "snapPitchScale": 0.5,
        "snapYawScale": 0.5
    },
    "sniper": {
        "sensitivity": "200",
        "aim_assist": "1",
        "auto_shoot": "1",
        "aim_button": "1",
        "aim_type": "1"
    }
}
